{"cameraMode":{"drawMode":0,"name":"Shaded","section":"Shading Mode"},"sceneLighting":false,"audioPlay":false,"sceneViewState":{"showFog":false,"showMaterialUpdate":false,"showSkybox":false,"showFlares":false,"showImageEffects":false,"showParticleSystems":false},"in2DMode":false,"pivot":{"x":0.40183472633361819,"y":0.7480000257492065,"z":-0.2968001365661621},"rotation":{"x":0.04470474645495415,"y":0.7931307554244995,"z":-0.05864718556404114,"w":0.6045706868171692},"size":3.457883834838867,"orthographic":false}